Model,R2,RMSE,MAE
Linear Regression,0.07976870543838477,0.0031250708359631995,0.002542775746470758
Polynomial Regression,0.10715406047876652,0.0030782198237246676,0.0024798136752299696
Random Forest Regression,0.7631392389324879,0.0015854696282552052,0.001133618789793838
